AUDIO!MicrophoneUnsafeNativeMethods::CreateMicrophone	Microsoft.Xna.Framework.ErrorCodes	System.Int32,ptr:System.UInt32	unknown
AUDIO!MicrophoneUnsafeNativeMethods::DestroyMicrophone	Microsoft.Xna.Framework.ErrorCodes	System.UInt32	unknown
AUDIO!MicrophoneUnsafeNativeMethods::GetCaptureBufferDuration	Microsoft.Xna.Framework.ErrorCodes	System.UInt32,ptr:System.Int32	unknown
AUDIO!MicrophoneUnsafeNativeMethods::GetData	Microsoft.Xna.Framework.ErrorCodes	System.UInt32,ptr:System.Byte,System.Int32,ptr:System.Int32	unknown
AUDIO!MicrophoneUnsafeNativeMethods::GetMicrophoneCount	Microsoft.Xna.Framework.ErrorCodes	ptr:System.Int32	unknown
AUDIO!MicrophoneUnsafeNativeMethods::GetName	Microsoft.Xna.Framework.ErrorCodes	System.UInt32,sb,System.Int32	unknown
AUDIO!MicrophoneUnsafeNativeMethods::GetSampleRate	Microsoft.Xna.Framework.ErrorCodes	System.UInt32,ptr:System.Int32	unknown
AUDIO!MicrophoneUnsafeNativeMethods::GetState	Microsoft.Xna.Framework.ErrorCodes	System.UInt32,ref:Microsoft.Xna.Framework.Audio.MicrophoneCaptureState	unknown
AUDIO!MicrophoneUnsafeNativeMethods::IsDefault	Microsoft.Xna.Framework.ErrorCodes	System.UInt32,ptr:System.Int32	unknown
AUDIO!MicrophoneUnsafeNativeMethods::IsHeadset	Microsoft.Xna.Framework.ErrorCodes	System.UInt32,ptr:System.Int32	unknown
AUDIO!MicrophoneUnsafeNativeMethods::IsPlayerHeadset	Microsoft.Xna.Framework.ErrorCodes	System.UInt32,System.Int32,ptr:System.Int32	unknown
AUDIO!MicrophoneUnsafeNativeMethods::SetCaptureBufferDuration	Microsoft.Xna.Framework.ErrorCodes	System.UInt32,System.Int32	unknown
AUDIO!MicrophoneUnsafeNativeMethods::ShutdownCaptureEngine	System.Void		unknown
AUDIO!MicrophoneUnsafeNativeMethods::Start	Microsoft.Xna.Framework.ErrorCodes	System.UInt32	unknown
AUDIO!MicrophoneUnsafeNativeMethods::Stop	Microsoft.Xna.Framework.ErrorCodes	System.UInt32	unknown
AUDIO!SoundEffectUnsafeNativeMethods::Apply3D	Microsoft.Xna.Framework.ErrorCodes	System.UInt32,ptr:System.Void,System.Int32,ptr:System.Void	unknown
AUDIO!SoundEffectUnsafeNativeMethods::CreateDynamicSoundEffectInstance	Microsoft.Xna.Framework.ErrorCodes	ptr:System.Byte,System.UInt32,ptr:System.UInt32	unknown
AUDIO!SoundEffectUnsafeNativeMethods::CreateSoundEffectHandle	Microsoft.Xna.Framework.ErrorCodes	ptr:System.Byte,System.UInt32,ptr:System.Byte,System.UInt32,ptr:System.UInt32	unknown
AUDIO!SoundEffectUnsafeNativeMethods::CreateSoundEffectInstance	Microsoft.Xna.Framework.ErrorCodes	System.UInt32,ptr:System.UInt32	unknown
AUDIO!SoundEffectUnsafeNativeMethods::DestroySoundEffectInstance	Microsoft.Xna.Framework.ErrorCodes	System.UInt32	HANDLE
AUDIO!SoundEffectUnsafeNativeMethods::GetDestinationChannelCount	System.Int32		unknown
AUDIO!SoundEffectUnsafeNativeMethods::GetDestinationChannelMask	System.Int32		unknown
AUDIO!SoundEffectUnsafeNativeMethods::GetDistanceScale	System.Single		unknown
AUDIO!SoundEffectUnsafeNativeMethods::GetDopplerScale	System.Single		unknown
AUDIO!SoundEffectUnsafeNativeMethods::GetMasterVolume	Microsoft.Xna.Framework.ErrorCodes	ref:System.Single	unknown
AUDIO!SoundEffectUnsafeNativeMethods::GetPendingBufferCount	Microsoft.Xna.Framework.ErrorCodes	System.UInt32,ptr:System.Int32	unknown
AUDIO!SoundEffectUnsafeNativeMethods::GetSpeedOfSound	System.Single		unknown
AUDIO!SoundEffectUnsafeNativeMethods::GetState	Microsoft.Xna.Framework.ErrorCodes	System.UInt32,ref:Microsoft.Xna.Framework.Audio.VoiceState	unknown
AUDIO!SoundEffectUnsafeNativeMethods::Pause	Microsoft.Xna.Framework.ErrorCodes	System.UInt32	unknown
AUDIO!SoundEffectUnsafeNativeMethods::Play	Microsoft.Xna.Framework.ErrorCodes	System.UInt32	unknown
AUDIO!SoundEffectUnsafeNativeMethods::ReleaseSoundEffectHandle	Microsoft.Xna.Framework.ErrorCodes	System.UInt32	HANDLE
AUDIO!SoundEffectUnsafeNativeMethods::SetDistanceScale	Microsoft.Xna.Framework.ErrorCodes	System.Single	unknown
AUDIO!SoundEffectUnsafeNativeMethods::SetDopplerScale	Microsoft.Xna.Framework.ErrorCodes	System.Single	unknown
AUDIO!SoundEffectUnsafeNativeMethods::SetMasterVolume	Microsoft.Xna.Framework.ErrorCodes	System.Single	unknown
AUDIO!SoundEffectUnsafeNativeMethods::SetPan	Microsoft.Xna.Framework.ErrorCodes	System.UInt32,System.Single	unknown
AUDIO!SoundEffectUnsafeNativeMethods::SetPitch	Microsoft.Xna.Framework.ErrorCodes	System.UInt32,System.Single	unknown
AUDIO!SoundEffectUnsafeNativeMethods::SetSpeedOfSound	Microsoft.Xna.Framework.ErrorCodes	System.Single	unknown
AUDIO!SoundEffectUnsafeNativeMethods::SetVolume	Microsoft.Xna.Framework.ErrorCodes	System.UInt32,System.Single	unknown
AUDIO!SoundEffectUnsafeNativeMethods::Stop	Microsoft.Xna.Framework.ErrorCodes	System.UInt32,System.Boolean	unknown
AUDIO!SoundEffectUnsafeNativeMethods::SubmitBuffer	Microsoft.Xna.Framework.ErrorCodes	System.UInt32,ptr:System.Byte,System.UInt32	unknown
AUDIO!SoundEffectUnsafeNativeMethods::SubmitPacket	Microsoft.Xna.Framework.ErrorCodes	System.UInt32,System.Int32,System.Int32,System.Int32	HANDLE
Audio!XActCue_Destroy	System.UInt32	System.UInt32	unknown
Audio!XActCue_GetState	System.UInt32	System.UInt32	unknown
Audio!XActCue_GetVariable	System.UInt32	System.UInt32,System.String,System.Int32,ref:System.Single	unknown
Audio!XActCue_Pause	System.UInt32	System.UInt32,System.UInt32	unknown
Audio!XActCue_Play	System.UInt32	System.UInt32	unknown
Audio!XActCue_SetVariable	System.UInt32	System.UInt32,System.String,System.Int32,System.Single	unknown
Audio!XActCue_Stop	System.UInt32	System.UInt32,System.UInt32	unknown
Audio!XActEngine_Apply3D	System.UInt32	System.UInt32,System.UInt32,ref:Microsoft.Xna.Framework.Audio.UnsafeNativeStructures/XACT_LISTENER_DATA,ref:Microsoft.Xna.Framework.Audio.UnsafeNativeStructures/XACT_EMITTER_DATA	unknown
Audio!XActEngine_CreateAndInitEngine	System.UInt32	System.String,System.Int32,System.UInt32	unknown
Audio!XActEngine_CreateInMemoryWaveBank	System.UInt32	System.UInt32,System.String,System.Int32	unknown
Audio!XActEngine_CreateSoundBank	System.UInt32	System.UInt32,System.String,System.Int32	unknown
Audio!XActEngine_CreateStreamingWaveBank	System.UInt32	System.UInt32,System.String,System.UInt32,System.UInt32,System.Int16	unknown
Audio!XActEngine_DoWork	System.Void	System.UInt32	unknown
Audio!XActEngine_GetCategory	System.UInt16	System.UInt32,System.String,System.Int32	unknown
Audio!XActEngine_GetGlobalVariable	System.UInt32	System.UInt32,System.String,System.Int32,ref:System.Single	unknown
Audio!XActEngine_Pause	System.UInt32	System.UInt32,System.UInt16,System.UInt32	unknown
Audio!XActEngine_Release	System.UInt32	System.UInt32	unknown
Audio!XActEngine_SetGlobalVariable	System.UInt32	System.UInt32,System.String,System.Int32,System.Single	unknown
Audio!XActEngine_SetVolume	System.UInt32	System.UInt32,System.UInt16,System.Single	unknown
Audio!XActEngine_Stop	System.UInt32	System.UInt32,System.UInt16,System.UInt32	unknown
Audio!XActSoundBank_Destroy	System.UInt32	System.UInt32	unknown
Audio!XActSoundBank_GetCue	System.UInt32	System.UInt32,System.String,System.Int32,ref:System.UInt32	unknown
Audio!XActSoundBank_GetState	System.UInt32	System.UInt32	unknown
Audio!XActSoundBank_PlayCue	System.UInt32	System.UInt32,System.String,System.Int32	unknown
Audio!XActWaveBank_Destroy	System.UInt32	System.UInt32	unknown
Audio!XActWaveBank_GetState	System.UInt32	System.UInt32	unknown
Kernel32.dll!CloseHandle	System.Int32	System.IntPtr	unknown
Kernel32.dll!CreateEvent	System.IntPtr	ref:Microsoft.Xna.Framework.UnsafeNativeMethods/SecurityAttributes,System.Boolean,System.Boolean,System.IntPtr	unknown
Kernel32.dll!CreateFileMapping	System.IntPtr	System.IntPtr,ptr:Microsoft.Xna.Framework.UnsafeNativeMethods/SecurityAttributes,System.Int32,System.Int32,System.Int32,System.String	unknown
Kernel32.dll!MapViewOfFile	System.IntPtr	System.IntPtr,System.Int32,System.Int32,System.Int32,System.Int32	unknown
Kernel32.dll!SetEvent	System.Int32	System.IntPtr	unknown
Kernel32.dll!UnmapViewOfFile	System.Int32	System.IntPtr	unknown
Kernel32.dll!WaitForMultipleObjects	System.Int32	System.Int32,ptr:System.IntPtr,System.Boolean,System.Int32	unknown
MEDIA!Imaging_CloseKernelStream	Microsoft.Xna.Framework.ErrorCodes	System.UInt32	HANDLE
MEDIA!Imaging_CreateKernelMemoryStream	Microsoft.Xna.Framework.ErrorCodes	ptr:System.Byte,System.Int32,ptr:System.UInt32	unknown
MEDIA!Imaging_CreateKernelStreamForManagedStream	Microsoft.Xna.Framework.ErrorCodes	System.IntPtr,System.IntPtr,System.IntPtr,System.IntPtr,ptr:System.UInt32	unknown
MEDIA!Imaging_EncodeBufferToStream	Microsoft.Xna.Framework.ErrorCodes	struct:Microsoft.Xna.Framework.XnaImageFormat,ptr:System.Byte,System.Int32,System.Int32,System.Int32,System.Int32,System.Int32,ptr:System.UInt32	unknown
MEDIA!Imaging_GetStreamLength	Microsoft.Xna.Framework.ErrorCodes	System.UInt32,ptr:System.Int64	unknown
MEDIA!Imaging_ReadFromStream	Microsoft.Xna.Framework.ErrorCodes	System.UInt32,ptr:System.Byte,System.Int32,ptr:System.Int32	unknown
MEDIA!Imaging_SeekInStream	Microsoft.Xna.Framework.ErrorCodes	System.UInt32,System.Int64,System.Int32,ptr:System.Int64	unknown
MEDIA!Media_Album_GetArtist	Microsoft.Xna.Framework.ErrorCodes	System.UInt32,ref:System.UInt32	unknown
MEDIA!Media_Album_GetDuration	Microsoft.Xna.Framework.ErrorCodes	System.UInt32,ref:System.Int32	unknown
MEDIA!Media_Album_GetGenre	Microsoft.Xna.Framework.ErrorCodes	System.UInt32,ref:System.UInt32	unknown
MEDIA!Media_Album_GetSongs	Microsoft.Xna.Framework.ErrorCodes	System.UInt32,ref:System.UInt32	unknown
MEDIA!Media_Artist_GetAlbums	Microsoft.Xna.Framework.ErrorCodes	System.UInt32,ref:System.UInt32	unknown
MEDIA!Media_Artist_GetSongs	Microsoft.Xna.Framework.ErrorCodes	System.UInt32,ref:System.UInt32	unknown
MEDIA!Media_Genre_GetAlbums	Microsoft.Xna.Framework.ErrorCodes	System.UInt32,ref:System.UInt32	unknown
MEDIA!Media_Genre_GetSongs	Microsoft.Xna.Framework.ErrorCodes	System.UInt32,ref:System.UInt32	unknown
MEDIA!Media_Item_GetName	Microsoft.Xna.Framework.ErrorCodes	System.UInt32,sb,System.UInt32	unknown
MEDIA!Media_Item_IsEqual	Microsoft.Xna.Framework.ErrorCodes	System.UInt32,System.UInt32,ref:System.Boolean	unknown
MEDIA!Media_Library_CreateLibrary	Microsoft.Xna.Framework.ErrorCodes	System.Int32,ref:System.UInt32	unknown
MEDIA!Media_Library_DestroyLibrary	Microsoft.Xna.Framework.ErrorCodes	System.UInt32	HANDLE
MEDIA!Media_Library_GetAlbums	Microsoft.Xna.Framework.ErrorCodes	System.UInt32,ref:System.UInt32	unknown
MEDIA!Media_Library_GetArtists	Microsoft.Xna.Framework.ErrorCodes	System.UInt32,ref:System.UInt32	unknown
MEDIA!Media_Library_GetGenres	Microsoft.Xna.Framework.ErrorCodes	System.UInt32,ref:System.UInt32	unknown
MEDIA!Media_Library_GetMediaSourceCount	Microsoft.Xna.Framework.ErrorCodes	ref:System.Int32	unknown
MEDIA!Media_Library_GetMediaSources	Microsoft.Xna.Framework.ErrorCodes	ptr:System.Byte,System.UInt32,System.Int32	unknown
MEDIA!Media_Library_GetPlaylists	Microsoft.Xna.Framework.ErrorCodes	System.UInt32,ref:System.UInt32	unknown
MEDIA!Media_Library_GetSongs	Microsoft.Xna.Framework.ErrorCodes	System.UInt32,ref:System.UInt32	unknown
MEDIA!Media_List_GetCount	Microsoft.Xna.Framework.ErrorCodes	System.UInt32,ref:System.Int32	unknown
MEDIA!Media_List_GetItemAtIndex	Microsoft.Xna.Framework.ErrorCodes	System.UInt32,System.Int32,ref:System.UInt32	unknown
MEDIA!Media_List_Release	Microsoft.Xna.Framework.ErrorCodes	System.UInt32	HANDLE
MEDIA!Media_Player_CheckForEvents	Microsoft.Xna.Framework.ErrorCodes	ref:System.Boolean,ref:System.Boolean	unknown
MEDIA!Media_Player_GameHasControl	Microsoft.Xna.Framework.ErrorCodes	ref:System.Boolean	unknown
MEDIA!Media_Playlist_GetDuration	Microsoft.Xna.Framework.ErrorCodes	System.UInt32,ref:System.Int32	unknown
MEDIA!Media_Playlist_GetSongs	Microsoft.Xna.Framework.ErrorCodes	System.UInt32,ref:System.UInt32	unknown
MEDIA!Media_Queue_EnableVisualization	Microsoft.Xna.Framework.ErrorCodes	System.Boolean	unknown
MEDIA!Media_Queue_GetActiveSongIndex	Microsoft.Xna.Framework.ErrorCodes	ref:System.Int32	unknown
MEDIA!Media_Queue_GetPlayPosition	Microsoft.Xna.Framework.ErrorCodes	ref:System.Int32	unknown
MEDIA!Media_Queue_GetPlayState	Microsoft.Xna.Framework.ErrorCodes	ref:Microsoft.Xna.Framework.Media.MediaState	unknown
MEDIA!Media_Queue_GetRepeat	Microsoft.Xna.Framework.ErrorCodes	ref:System.Boolean	unknown
MEDIA!Media_Queue_GetShuffle	Microsoft.Xna.Framework.ErrorCodes	ref:System.Boolean	unknown
MEDIA!Media_Queue_GetSongAtIndex	Microsoft.Xna.Framework.ErrorCodes	System.Int32,ref:System.UInt32	unknown
MEDIA!Media_Queue_GetSongCount	Microsoft.Xna.Framework.ErrorCodes	ref:System.Int32	HANDLE
MEDIA!Media_Queue_GetVisualizationData	Microsoft.Xna.Framework.ErrorCodes	System.Single[],System.Int32,System.Single[],System.Int32	unknown
MEDIA!Media_Queue_GetVolume	Microsoft.Xna.Framework.ErrorCodes	ref:System.Single	unknown
MEDIA!Media_Queue_IsMuted	Microsoft.Xna.Framework.ErrorCodes	ref:System.Boolean	unknown
MEDIA!Media_Queue_IsVisualizationEnabled	Microsoft.Xna.Framework.ErrorCodes	ref:System.Boolean	unknown
MEDIA!Media_Queue_MoveNext	Microsoft.Xna.Framework.ErrorCodes		unknown
MEDIA!Media_Queue_MovePrev	Microsoft.Xna.Framework.ErrorCodes		unknown
MEDIA!Media_Queue_MoveTo	Microsoft.Xna.Framework.ErrorCodes	System.Int32	unknown
MEDIA!Media_Queue_Pause	Microsoft.Xna.Framework.ErrorCodes		unknown
MEDIA!Media_Queue_PlaySong	Microsoft.Xna.Framework.ErrorCodes	System.UInt32	unknown
MEDIA!Media_Queue_PlaySongList	Microsoft.Xna.Framework.ErrorCodes	System.UInt32,System.Int32	unknown
MEDIA!Media_Queue_Resume	Microsoft.Xna.Framework.ErrorCodes		unknown
MEDIA!Media_Queue_SetMute	Microsoft.Xna.Framework.ErrorCodes	System.Boolean	unknown
MEDIA!Media_Queue_SetRepeat	Microsoft.Xna.Framework.ErrorCodes	System.Boolean	unknown
MEDIA!Media_Queue_SetShuffle	Microsoft.Xna.Framework.ErrorCodes	System.Boolean	unknown
MEDIA!Media_Queue_SetVolume	Microsoft.Xna.Framework.ErrorCodes	System.Single	unknown
MEDIA!Media_Queue_Stop	Microsoft.Xna.Framework.ErrorCodes		unknown
MEDIA!Media_Release	Microsoft.Xna.Framework.ErrorCodes	System.UInt32	HANDLE
MEDIA!Media_Song_CreateHandle	Microsoft.Xna.Framework.ErrorCodes	System.String,System.UInt32,System.String,System.UInt32,System.Int32,ref:System.UInt32	unknown
MEDIA!Media_Song_GetAlbum	Microsoft.Xna.Framework.ErrorCodes	System.UInt32,ref:System.UInt32	unknown
MEDIA!Media_Song_GetArtist	Microsoft.Xna.Framework.ErrorCodes	System.UInt32,ref:System.UInt32	unknown
MEDIA!Media_Song_GetDuration	Microsoft.Xna.Framework.ErrorCodes	System.UInt32,ref:System.Int32	unknown
MEDIA!Media_Song_GetGenre	Microsoft.Xna.Framework.ErrorCodes	System.UInt32,ref:System.UInt32	unknown
MEDIA!Media_Song_GetPlayCount	Microsoft.Xna.Framework.ErrorCodes	System.UInt32,ref:System.Int32	unknown
MEDIA!Media_Song_GetRating	Microsoft.Xna.Framework.ErrorCodes	System.UInt32,ref:System.Int32	unknown
MEDIA!Media_Song_GetTrackNumber	Microsoft.Xna.Framework.ErrorCodes	System.UInt32,ref:System.Int32	unknown
MEDIA!Media_Song_IsRestricted	Microsoft.Xna.Framework.ErrorCodes	System.UInt32,ref:System.Boolean	unknown
MEDIA!Media_VideoDecoder_Create	Microsoft.Xna.Framework.ErrorCodes	System.UInt32,System.String,System.UInt32,System.UInt32,System.UInt32,System.Boolean,System.UInt32,ref:System.UInt32	unknown
MEDIA!Media_VideoDecoder_GetPlayPosition	Microsoft.Xna.Framework.ErrorCodes	System.UInt32,ref:System.Int32	unknown
MEDIA!Media_VideoDecoder_GetState	Microsoft.Xna.Framework.ErrorCodes	System.UInt32,ref:Microsoft.Xna.Framework.Media.MediaState	unknown
MEDIA!Media_VideoDecoder_GetTexture	Microsoft.Xna.Framework.ErrorCodes	System.UInt32,System.UInt32,System.UInt32,ref:System.UInt32	unknown
MEDIA!Media_VideoDecoder_Pause	Microsoft.Xna.Framework.ErrorCodes	System.UInt32	unknown
MEDIA!Media_VideoDecoder_Release	Microsoft.Xna.Framework.ErrorCodes	System.UInt32	unknown
MEDIA!Media_VideoDecoder_Resume	Microsoft.Xna.Framework.ErrorCodes	System.UInt32	unknown
MEDIA!Media_VideoDecoder_SetLooping	Microsoft.Xna.Framework.ErrorCodes	System.UInt32,System.Boolean	unknown
MEDIA!Media_VideoDecoder_SetMute	Microsoft.Xna.Framework.ErrorCodes	System.UInt32,System.Boolean	unknown
MEDIA!Media_VideoDecoder_SetVolume	Microsoft.Xna.Framework.ErrorCodes	System.UInt32,System.Single	unknown
MEDIA!Media_VideoDecoder_Start	Microsoft.Xna.Framework.ErrorCodes	System.UInt32	unknown
MEDIA!Media_VideoDecoder_Stop	Microsoft.Xna.Framework.ErrorCodes	System.UInt32	unknown
Net!KernelAsyncDispatcher_Initialize_Entrypoint	Microsoft.Xna.Framework.KernelReturnCode		ERROR
Net!KernelAsyncDispatcher_WaitForAsyncOperationToFinish_Entrypoint	Microsoft.Xna.Framework.KernelReturnCode	ref:Microsoft.Xna.Framework.ManagedCallType,ref:System.UInt32	ERROR
STORAGE!STORAGE_CreateDecompressionContext	System.IntPtr		unknown
STORAGE!STORAGE_Decompress	System.Int32	System.IntPtr,ptr:System.Void,ref:System.Int32,ptr:System.Void,ref:System.Int32	HANDLE
STORAGE!STORAGE_DestroyDecompressionContext	System.Void	System.IntPtr	unknown
STORAGE!STORAGE_GetStorageLocation	System.UInt32	sb,System.Int32	ERROR
SYSTEM!System_DispatcherUpdate	System.UInt32	ref:System.UInt32	unknown
XINPUT!XInput_GetCaps	Microsoft.Xna.Framework.ErrorCodes	struct:Microsoft.Xna.Framework.PlayerIndex,ref:Microsoft.Xna.Framework.Input.XINPUT_CAPABILITIES	unknown
XINPUT!XInput_GetKeyStroke	Microsoft.Xna.Framework.ErrorCodes	struct:Microsoft.Xna.Framework.PlayerIndex,ref:Microsoft.Xna.Framework.Input.XINPUT_KEYSTROKE	unknown
XINPUT!XInput_GetState	Microsoft.Xna.Framework.ErrorCodes	struct:Microsoft.Xna.Framework.PlayerIndex,ref:Microsoft.Xna.Framework.Input.XINPUT_STATE	unknown
XINPUT!XInput_SetState	Microsoft.Xna.Framework.ErrorCodes	struct:Microsoft.Xna.Framework.PlayerIndex,struct:Microsoft.Xna.Framework.Input.XINPUT_VIBRATION	unknown
D3D!D3D_CreateDeviceHandle	System.UInt32	System.UInt32,ref:Microsoft.Xna.Framework.Graphics.PresentationParameters/Settings,struct:Microsoft.Xna.Framework.Graphics.GraphicsProfile	HANDLE
D3D!D3D_CreateDirect3DHandle	System.UInt32	ref:Microsoft.Xna.Framework.Graphics.UnsafeNativeStructures/ADAPTER_DESC	unknown
D3D!D3D_Decl_CreateHandle	System.UInt32	System.UInt32,ptr:System.Void,System.UInt32	unknown
D3D!D3D_Decl_ReleaseHandle	System.Void	System.UInt32,System.UInt32	unknown
D3D!D3D_Device_CreateBlendState	System.UInt32	System.UInt32,ref:Microsoft.Xna.Framework.Graphics.BlendState/Settings	HANDLE
D3D!D3D_Device_CreateDepthStencilState	System.UInt32	System.UInt32,ref:Microsoft.Xna.Framework.Graphics.DepthStencilState/Settings	HANDLE
D3D!D3D_Device_CreateRasterizerState	System.UInt32	System.UInt32,ref:Microsoft.Xna.Framework.Graphics.RasterizerState/Settings	HANDLE
D3D!D3D_Device_CreateRenderTarget	System.UInt32	System.UInt32,struct:Microsoft.Xna.Framework.Graphics.UnsafeNativeStructures/D3D_RENDERTARGET_CREATION_PARAMS,System.UInt32,ref:System.UInt32,ref:System.UInt32	HANDLE
D3D!D3D_Device_CreateSamplerState	System.UInt32	System.UInt32,ref:Microsoft.Xna.Framework.Graphics.SamplerState/Settings	HANDLE
D3D!D3D_Device_DrawIndexedPrimitivesUP	System.UInt32	System.UInt32,struct:Microsoft.Xna.Framework.Graphics.PrimitiveType,struct:Microsoft.Xna.Framework.Graphics.UnsafeNativeStructures/DUIP_PARAMS	unknown
D3D!D3D_Device_DrawPrimitivesUP	System.UInt32	System.UInt32,struct:Microsoft.Xna.Framework.Graphics.PrimitiveType,System.UInt32,ptr:System.Void,System.UInt32,System.UInt32	unknown
D3D!D3D_Device_DrawSprites	System.UInt32	System.UInt32,System.Int32,ptr:System.Void,System.Int32,System.Int32	ERROR
D3D!D3D_Device_GetBackBufferData	System.UInt32	System.UInt32,ptr:System.Void,struct:Microsoft.Xna.Framework.Graphics.UnsafeNativeStructures/TEXTURE_COPYDATA_INFO,ptr:Microsoft.Xna.Framework.Rectangle	ERROR
D3D!D3D_Device_GetScissorRect	System.UInt32	System.UInt32,ref:Microsoft.Xna.Framework.Rectangle	ERROR
D3D!D3D_Device_Present	System.UInt32	System.UInt32	ERROR
D3D!D3D_Device_ReceivePackets	System.UInt32	System.UInt32,ptr:System.Byte,System.UInt32	ERROR
D3D!D3D_Device_ReleaseBlendState	System.Void	System.UInt32	HANDLE
D3D!D3D_Device_ReleaseDepthStencilState	System.Void	System.UInt32	HANDLE
D3D!D3D_Device_ReleaseHandle	System.Void	System.UInt32	unknown
D3D!D3D_Device_ReleaseRasterizerState	System.Void	System.UInt32	HANDLE
D3D!D3D_Device_ReleaseRenderTarget	System.Void	System.UInt32,System.UInt32	unknown
D3D!D3D_Device_ReleaseSamplerState	System.Void	System.UInt32	HANDLE
D3D!D3D_Device_Reset	System.UInt32	System.UInt32,ref:Microsoft.Xna.Framework.Graphics.PresentationParameters/Settings	ERROR
D3D!D3D_Effect_CloneEffect	System.UInt32	System.UInt32,System.UInt32,ref:Microsoft.Xna.Framework.Graphics.UnsafeNativeStructures/EFFECT_DESC	HANDLE
D3D!D3D_Effect_CreateHandle	System.UInt32	ptr:System.Void,System.UInt32,System.UInt32,ref:Microsoft.Xna.Framework.Graphics.UnsafeNativeStructures/EFFECT_DESC	HANDLE
D3D!D3D_Effect_GetParameter	System.UInt32	System.UInt32,struct:Microsoft.Xna.Framework.Graphics.UnsafeNativeStructures/D3DXPARAM_INPUT,ref:Microsoft.Xna.Framework.Graphics.UnsafeNativeStructures/EFFECT_PARAMETER_DESC,sb,sb	HANDLE
D3D!D3D_Effect_GetPass	System.UInt32	System.UInt32,System.UInt32,System.UInt32,System.UInt32,ref:Microsoft.Xna.Framework.Graphics.UnsafeNativeStructures/EFFECT_PASS_DESC,sb	unknown
D3D!D3D_Effect_GetTechnique	System.UInt32	System.UInt32,System.UInt32,System.UInt32,ref:Microsoft.Xna.Framework.Graphics.UnsafeNativeStructures/EFFECT_TECHNIQUE_DESC,sb	unknown
D3D!D3D_Effect_GetTexture	System.UInt32	System.UInt32,System.UInt32,System.UInt32,ref:System.UInt32,ref:Microsoft.Xna.Framework.Graphics.TextureType,ref:Microsoft.Xna.Framework.Graphics.UnsafeNativeStructures/TEXTURE_CREATION_PARAMS	unknown
D3D!D3D_Effect_GetValue	System.UInt32	System.UInt32,System.UInt32,System.UInt32,struct:Microsoft.Xna.Framework.Graphics.GetShaderValueType,ptr:System.Void,System.UInt32,System.UInt32	ERROR
D3D!D3D_Effect_GetValueString	System.UInt32	System.UInt32,System.UInt32,System.UInt32,sb	ERROR
D3D!D3D_Effect_ReleaseHandle	System.Void	System.UInt32,System.UInt32	unknown
D3D!D3D_GetCurrentDisplayMode	System.UInt32	System.UInt32,ref:Microsoft.Xna.Framework.Graphics.UnsafeNativeStructures/DISPLAY_MODE_INFO,ref:System.UInt32	unknown
D3D!D3D_GetLastErrorDetails	System.UInt32	System.UInt32,ref:System.UInt32,ref:System.UInt32	unknown
D3D!D3D_GetSupportedDisplayMode	System.UInt32	System.UInt32,System.UInt32,ref:Microsoft.Xna.Framework.Graphics.UnsafeNativeStructures/DISPLAY_MODE_INFO	unknown
D3D!D3D_IndexBuffer_CopyData	System.UInt32	System.UInt32,System.UInt32,ptr:System.Void,System.UInt32,System.UInt32,System.UInt32,System.Byte	unknown
D3D!D3D_IndexBuffer_CreateHandle	System.UInt32	System.UInt32,System.UInt32,System.Int32,System.Int32	HANDLE
D3D!D3D_IndexBuffer_ReleaseHandle	System.Void	System.UInt32,System.UInt32	unknown
D3D!D3D_IsProfileSupported	System.UInt32	System.UInt32,struct:Microsoft.Xna.Framework.Graphics.GraphicsProfile	unknown
D3D!D3D_OcclusionQuery_CreateHandle	System.UInt32	System.UInt32	unknown
D3D!D3D_OcclusionQuery_IsDataAvailable	System.UInt32	System.UInt32,System.UInt32,ref:System.UInt32	unknown
D3D!D3D_OcclusionQuery_ReleaseHandle	System.Void	System.UInt32,System.UInt32	unknown
D3D!D3D_QueryFormat	System.UInt32	System.UInt32,System.Boolean,struct:Microsoft.Xna.Framework.Graphics.GraphicsProfile,ref:Microsoft.Xna.Framework.Graphics.UnsafeNativeStructures/QUERY_FORMAT_INFO	HANDLE
D3D!D3D_ReleaseHandle	System.Void	System.UInt32	unknown
D3D!D3D_Texture_GetTexture	System.UInt32	System.UInt32,System.UInt32,ref:Microsoft.Xna.Framework.Graphics.TextureType,ref:Microsoft.Xna.Framework.Graphics.UnsafeNativeStructures/TEXTURE_CREATION_PARAMS	unknown
D3D!D3D_Texture2D_CopyData	System.UInt32	System.UInt32,System.UInt32,ptr:System.Void,struct:Microsoft.Xna.Framework.Graphics.UnsafeNativeStructures/TEXTURE_COPYDATA_INFO,ptr:Microsoft.Xna.Framework.Rectangle,System.Byte	unknown
D3D!D3D_Texture2D_CreateHandle	System.UInt32	System.UInt32,struct:Microsoft.Xna.Framework.Graphics.UnsafeNativeStructures/TEXTURE_CREATION_PARAMS,ref:System.UInt32	unknown
D3D!D3D_Texture2D_ReleaseHandle	System.Void	System.UInt32,System.UInt32	unknown
D3D!D3D_Texture3D_CopyData	System.UInt32	System.UInt32,System.UInt32,ref:Microsoft.Xna.Framework.Graphics.UnsafeNativeStructures/TEXTURE3D_COPYDATA_INFO,System.Byte	unknown
D3D!D3D_Texture3D_CreateHandle	System.UInt32	System.UInt32,struct:Microsoft.Xna.Framework.Graphics.UnsafeNativeStructures/TEXTURE_CREATION_PARAMS,ref:System.UInt32	unknown
D3D!D3D_Texture3D_ReleaseHandle	System.Void	System.UInt32,System.UInt32	unknown
D3D!D3D_TextureCube_CopyData	System.UInt32	System.UInt32,System.UInt32,ptr:System.Void,struct:Microsoft.Xna.Framework.Graphics.UnsafeNativeStructures/TEXTURECUBE_COPYDATA_INFO,ptr:Microsoft.Xna.Framework.Rectangle,System.Byte	unknown
D3D!D3D_TextureCube_CreateHandle	System.UInt32	System.UInt32,struct:Microsoft.Xna.Framework.Graphics.UnsafeNativeStructures/TEXTURE_CREATION_PARAMS,ref:System.UInt32	unknown
D3D!D3D_TextureCube_ReleaseHandle	System.Void	System.UInt32,System.UInt32	unknown
D3D!D3D_VertexBuffer_CopyData	System.UInt32	System.UInt32,System.UInt32,ptr:System.Void,System.UInt32,struct:Microsoft.Xna.Framework.Graphics.UnsafeNativeStructures/VERTEX_COPYDATA_INFO,System.Byte	unknown
D3D!D3D_VertexBuffer_CreateHandle	System.UInt32	System.UInt32,System.UInt32,System.Int32	HANDLE
D3D!D3D_VertexBuffer_ReleaseHandle	System.Void	System.UInt32,System.UInt32	unknown
MEDIA!Imaging_CloseKernelStream	System.UInt32	System.UInt32	unknown
MEDIA!Imaging_CreateKernelMemoryStream	System.UInt32	ptr:System.Byte,System.UInt32,ptr:System.UInt32	unknown
MEDIA!Imaging_DecodeStreamToTexture	System.UInt32	System.UInt32,System.UInt32,ptr:System.UInt32,ptr:System.UInt32,struct:Microsoft.Xna.Framework.XnaImageOperation,System.Int32,ptr:System.UInt32	unknown
Net!GamerServices_DispatchCommand_Entrypoint	System.UInt32	ptr:System.Void,System.Int32	HANDLE
Net!GamerServices_Initialize_Entrypoint	System.UInt32	System.Int32	ERROR
STORAGE!STORAGE_CloseContent	System.UInt32	System.UInt32	unknown
STORAGE!STORAGE_DeleteContent	System.UInt32	System.UInt32,System.UInt32,System.String,System.UInt32,System.UInt32	unknown
STORAGE!STORAGE_GetStorageData	Microsoft.Xna.Framework.ErrorCodes	System.UInt32,ref:Microsoft.Xna.Framework.Storage.UnsafeNativeStructures/XDEVICE_DATA	unknown
STORAGE!STORAGE_ShowDeviceUI	Microsoft.Xna.Framework.ErrorCodes	System.Int32,ref:System.UInt32,ref:System.UInt32	unknown
XAM!XAM_IsGuideVisible	System.UInt32		unknown
